,,All Causes,COVID-19,"Report Causes, Not COVID-19",NEC,Unreported,Total Unexplained
0,2-season benchmark,287956.97306705196,179903.0,44022.192293949774,7322.399184438146,56709.38158866388,64031.78077310196
1,3-season benchmark,290648.8136757286,179903.0,44135.51316526905,7194.998944970884,59415.3015654886,66610.30051045943
2,5-season benchmark,306267.1031571982,179903.0,49310.505745298986,6908.8050269483865,70144.79238495091,77053.59741189932
3,"% of change in all-cause deaths, 2-season",1.0,0.6247565324910845,0.15287767413675038,0.025428796206762097,0.19693699716540244,0.2223657933721643
4,"% of change in all-cause deaths, 3-season",1.0,0.6189703571290485,0.1518516886654497,0.024754957207560487,0.20442299699794103,0.22917795420550136
5,"% of change in all-cause deaths, 5-season",1.0,0.5874055624826964,0.16100490466319953,0.022558103549901322,0.2290314293042031,0.2515895328541045
